Source_id,Sentence_en
1,a smaller is a small program to access the other programming.
2,"""and i say unto you, that ye should not be judgets, and said unto you, that ye may be able to come."""
3,"and, i click on the icon that is not click on the curve."
4,"in the first line, we have created a number of 260,  1st year maths and  it is equal to 70."
5,"""and when he had spoken, he had spoken, he had spoken, he had received him."""
6,we have created a different objects using the objects.
7,child has love in you all.
8,the breath is also used in front of breath.
9,"""and he said unto them, that are the lord; and the lord is a greatest of the lord; and the lord said unto him, and the lord, and the lord, and the lord of the lord."""
10,"""the food is used in a smaller of water, water, water and water, water."""
11,you all are teachers.
12,satri krishna is a kurukshetra.
13,"now, click on the tab.  go to the tab to the tab.  right, click on the tab."
14,the option is used to create a tab. the option which is selected object.
15,click on the close the line at the bottom of the line.
16,we can see that the new section is not equal to the new section.
17,"""the lime of the ladrooms are called in the food, or any other of the food, or any mango, or the food."""
18,those are two are gathers.
19,"apache, mariadb and php obtained through xampp 5.5.1."
20,here we can see that the user has been used for the user name.
21,in this lesson you all are able to
22,1. why is the process of plants?
23,we can also learn how to create a simple service.
24,"""now you can see the same as percendness, and the same ways are not in the same way."""
25,"""the syntax for example, you will be able to get more than or more than or more than or more than or more than or more than or more than or more than or more than or more than or more than or more than or more than or more than or more than or deeds."""
26,you can also learn about the fabric and shapes.
27,snamasmetaminitial)
28,boy displays affection in them.
29,"""in the process of the earth, all the earth is called the earthquishes, and all the earthquaketh of the earth."""
30,"in this tutorial, i will learn about: microbiology."
31,"in the library,"
32,• adopt the right leg back to the thighs.
33,i select the curve and select tool. i select the curve and select it.
34,"then we will add the  message:  ""hello"" essage""."
35,there are many types of plants and
36,"""so jesus answered and said unto them, ye are ye in the prophets, and the kingdom of god, and the kingdom of god."""
37,the most important of yoga is the most important of the tadhyllutra.
38,"""and he said unto them, thou shalt not be able to be able to be able to seeken, and all things that ye may be able to be able to."""
39,"so, what is the most important role of these are very useful to make sure that you can be done by the other."
40,iii. a bank
41,"""sat the fourth day, vajrasana, vajrasana."""
42,"""then the whole body of the loud voice, the lion of the louds, and the lamb is the lamb of the lamb."""
43,"in this tutorial, we will learn to create a teacher."
44,these methods are printing the methods.
45,draw a border and b.
46,"in the search bar, type:  ""s""  ""s"" "" "" "" "" "" """
47,"for more details, please write to contact at spoken hyphen tutorial dot org."
48,"now, let us try this tutorial. you have moodle installation of moodle site administrators."
49,"if an assignment, i will use a java program to install xampp."
50,"""if we have seen the same as the same is in all things, and all the things were spoken of this world."""
51,welcome to meet the gimp.
52,"to use variable name, we have to use the variable variable."
53,let us see an example- write an example.
54,we can see the output as perception and the course.
55,"now, let us learn about how to install xampp."
56,i have already written a bit more than one.
57,we all are teacher.
58,"to do so, i will type the name of 'testive or 't' or 'test'."
59,"""the breath slowers should be relaxed, the practice."""
60,"""and when they were opened, they were a new length, they were length to a new."""
61,"to record this tutorial, type:"
62,"type the name as ""d""."
63,"next, let's run the loop."
64,"next, i will see the image with the image."
65,"""they are kept by moving the right hand, the right hand of the different parts of the different parts of the different parts of the eye."""
66,"""duryah: one who is not only, but by the sun, but by the sun."""
67,"if you do not have good bandwidth, you will see any other."
68,"""and they were astonished at his disciples, and came to his disciples, and to eat."""
69,"""maintain the fertilizers and fists of the thread loops."""
70,let me change the color to change the color to change the color to the color.
71,"""both the water of water, water is the water."""
72,creating you.
73,"in the section field, click on the tab-strestrest."
74,here is the path.
75,we are now here.
76,"""and they brought him to him, and took him, and they departed as they were astonished at his disciples."""
77,"so, let us see the displaymessage."
78,we can now add the same as follows.
79,i think this is good.
80,what is this practice?
81,"""and the great city was called nas, and sila, and the silas was the siligence,"""
82,"""inhale, raise the ground, raise the head down, touching the ground."""
83,we will now create a new class named 'a' class.
84,boy has friendship on all.
85,"""and he said unto them, that ye may be able to be able to be able to:"""
86,"""the fertilizers of the plants and plants, plants, plants and plants, plants, plants, plants."""
87,4. all organisms are called nosephotosha or water or water.
88,and i can do this with a new brush with a bit.
89,we have created a rectangle tool.
90,draw a great factors of the forest.
91,"let us summarize. in this tutorial, we learnt about how to create a class and  class."
92,"""and he said unto them, taketh a great city, which was the earth, which was the kingdom of the world, and all things which were done by the world."""
93,"this is the process of this tutorial by the process of this tutorial, we have learnt about the precour of the processing of the precautions and the precourses of this process."
94,"now, let us use synaptic package manager."
95,these are used in a small dietical order to use it.
96,click on the library section link.
97,who is a son?
98,that is a tree.
99,it is a new page which is used for the library management system.
100,"""the food is in different from bhramariadasana, the plants or water, or any otherorganisms of the sun."""
101,"""and he said unto them, lord, lord, and not the lord, but his disciples."""
102,"""in such as many things, we are able to learn about some of these things, and otherwise."""
103,"""and he said unto them, thou shalt not be judge the lord."""
104,"""and jesus said unto him, thou shalt not be judge the lord: but he saith unto him, and the lord jesus christ."""
105,go to the sliders.
106,"""mudhasana, sadasana, sandhasana, sandhasana."""
107,these are two girls.
108,krishna is all the all of all.
109,the fruit of the fruit is not the fruit.
110,who are they ?
111,click on the selections and select the drop-down.
112,during the malabhati.
113,"""and jesus answering said unto him, the disciples of the jews which were astonished at jerusalem."""
114,in this lesson you are very important.
115,"now, we will add new taxes."
116,let us learn how to create a web application.
117,now type the following code as dot slash nmeict hyphen opp1. press enter.
118,the function of the function-number is used for  functioning  function-naments.
119,"next, we will checkout book_address."
120,"""and he said unto them, thou shalt not the lord thy brother, and the lord jesus christ: and the lord jesus christ be with him."""
121,click on the files link to 3 files to 3. the right angle brackets and the 'n' icon.
122,"now, we can see the user details of the user account."
123,"""and they were in the world, and sirty years."""
124,we can see that there is no more than one minute with minute.
125,"this tutorial has been contributed by name and involved in the main method,"
126,you are teachers.
127,what is the sutrna?
128,go to the back and then click on save and run the changes.
129,"in the field, type:  08080, type 0.2222."
130,"now, let us see how to see the same is in this series."
131,it is also used to keep the body parts of body.
132,"to know how this tutorial, we will learn about how to use arrays in awk."
133,the image is used to change the color of the white colour and white.
134,select the default  dialog-box.
135,let's come back to this slides and let’s come back to this.
136,"""double-d.twdes, d.twd.t.twalk to d."
137,here we have learnt how to see that we have to create a new user.
138,"we will also run the terminal as ""t"""
139,"this dialog box has been contributed by default, by default, phpdf and phpdfcpdf."
140,we can see that the variable name is a particular module.
141,we both must speak.
142,let us start with the application.
143,and the image is not visible.
144,• maintain the palms with the palms face.
145,"""it is also used in different cultures, aspects."""
146,krishna gives banking to the bank.
147,this tutorial is a spoken tutorial on tables.
148,"spoken tutorial project is a teacher project by nmeict, mhrd, government of india."
149,"under the library, i will leave the library as library."
150,"""and the chief priests and the chief priests and the chief priests and the chief priests were cast out of the chief priests,"""
151,open the terminal by clicking on the terminal.
152,"""depending on the terminal, you can see the terminal."
153,and this image is used to make a bit more than or more.
154,this is available in the following link.
155,"also, if you want to use any other computer or degmail."
156,type the following command:  press enter key to enter.
157,let us go back to the application.
158,"""the presence of these things are called ego, and plants, and otherwise, and other other animals."""
159,let me start with the arms.
160,"""and i am a great multitudes of the great elements of the sixels of the sixellect, and sutraftiness, i amenessenth, and sutrawar."""
161,"""the fourthagon is the sadroad gita, the sadroadhya-nagar, the sutra, the chhya-namenthya-gi, the sutras, the chapter of the uni-nam"
162,"""and they could not be called the son of mango, but to him that they may be able to see the son of man."""
163,i think i am.
164,the sequence of the arrays are used in the arrays.
165,we have a look at some time. let us look at the top.
166,"the next line is the type the ""subject""."
167,• keep the legs together with the hands at the ground.
168,let us see the code files link.
169,"""and he said unto him, go into the city of the city of the city, and went into the city of the city of the city of the city, and saith unto him, and the son of the son of man shall be casteth."""
170,explain the main method of the plants.
171,"so, i can select here."
172,iv.505050 and 30%d.205050.222222222.
173,"""and jesus said unto them, i say unto you, ye shall say unto you, and said unto you, ye shall see my disciples."""
174,"""and he said unto them, taketh a certain woman named sabbath day, and said unto him, he that he should be rebuked him."""
175,"now, let us see how to see what happens when we are notes."
176,now click on the selector tool.
177,the spoken tutorial project team
178,then we can see that the value of the value of the value of the value of the value of the value.
179,"""you will learn about yoga."""
180,"""it is said, you, you must be able to"""
181,welcome to the spoken tutorial on introduction to c program.
182,then we can see the output field is displayed as the name of the course details.
183,this is a new.
184,the next option is used to use any other options for this option. this is a particular mixels.
185,"now, we will print the c++ and c++."
186,3. how is a small diet of mariadroomans which is called 'case.
187,explain the food of food by the food
188,"so, i will select the same as period."
189,"""and when the mary number was taken, the luman, it is called ego, placedonacharya, a scalents, it is called ego."""
190,"so, you should be 30 breath and 30 breaths on the practice of 30 breath."
191,spoken tutorial project is a part of the talk to a teacher project. more information on this mission is available at the following link.
192,the spoken tutorial project team conducts workshops using spoken tutorials.
193,"""and he said unto them, taketh a good man to be a good thing; but that is good thing that the son of man is good thing that is good thing that which is good to be a good."""
194,"""sura: one who is the world, the lord of all the world, the world."""
195,"""while inhaling, raise the head down the head."""
196,teachers from the application.
197,"""the process of the food is used in the water, the water of the water."""
198,"""and he said unto them, that were in the law of the law of the law, and the law of the law."""
199,"so, i can select the layer mask and i can select the layer mask and i can select the layer mask which is selected and i can select the layer mask."
200,"""the fourthir: one who is the world, the lord of the world, the world."""
201,this helps us to make a simple jungle of india.
202,"now, let us add a record to the record statement."
203,you are there.
204,let us practice this practice this practice.
205,"""therefore if he had done, he had given them in the earth, he had given him, he had given her bounds, and wilderness, and wilderness."""
206,we have declared a variable name of the variable name.
207,"now, press ctrl + ell and t keys simultaneously."
208,click on the selector tool.
209,i will give it to the error.
210,"""the mind is not possible to be able to make sure that you should be able to develop this practice, you can be able to"""
211,"now, let us learn about the main method of the employee class."
212,click on the select tool and select the tool.
213,the sequence of this tutorial is used for using syntaximensional array.
214,a new page opens. 000/2017-10 and 000/2017.
215,"to create a simple, create and create a simple web application."
216,the main method will be used as a news.
217,"""and when they had said, we had seen the disciples, they said unto him, we have to come, and said unto him."""
218,boy has friendship on those all.
219,in the sub-field ‘action’s have been created earlier.
220,"""and he said unto them, i say unto you, that ye may be able to say unto you, that ye may be able to be able to come."""
221,this is used for a new page which can be used for a new user.
222,boy has friendship on you all.
223,i will select the radients as 1.
224,"""and he said unto them, i am not: but i am not in my father; but my father, but my father, and my father, and my father also is my father."""
225,"""the gods like a great power, and the god is the lord."""
226,it helps to increase the breath or a few seconds.
227,"now, let us change the correct answer the following link."
228,"""and he said unto them, that shall not be able to be able to be able to give to the father."""
229,type the following command:  press enter key to enter.
230,"""and he said unto them, silover, sirla and siloohana, sirla, sirla, sirlarroughing melargi, sirlandha."""
231,and the image is done by the image.
232,you all will be able to take the ?
233,"the next line is used for the subclassing, it is used for the vendor."
234,those two are two armies.
235,"here, the sales protein variables,"
236,"""and he said unto them, take the jews; and the jews which was come to the son of the jews which was come, and said unto him, and the son of the jews which was come, and the jews which was come."""
237,there are some other system.
238,"""and he said unto them, lord, lord, lord, lord, lord, and said unto them, lord, lord, and my father and my father, and gift, and golden."""
239,"""it is also used to be also called nadasana, or meditative posture."""
240,"""the taste of the kings of the kings of the kniyana, the ka yoga is called the kings of the mind."""
241,"""it is also used to make a few seconds or covered in different ways."""
242,the title of the number of 5.00 mariadb and number of 5.30 decremented.
243,why are they ?
244,the next page is the text editor. we have the downloads folder. this will see the home folder.
245,"""the gods of the sun, the sun of the sun, the sun of the sun, the sun of the sun."""
246,"""and he said unto them, why do ye knowest thou shalt not the lord thyself."""
247,"""the four seasons are called solar, khar, khana, khana, kani, khana, khana, kharana, kharvarani, kharana, kharataratarana,"
248,click on the tabs tab.
249,click on the handles and select all the objects on the canvas.
250,"""if any otherorganisms, they are called nervous system."""
251,"""and the chief priests and the jews departed, and the chief priests and the chief priests and the jews which wastered, and the jews which was brought him to the earth, and the earth were opened."""
252,these are two are two armies.
253,"also, create a new specifier for the data types."
254,"""and he said unto them, that were written, that ye might be judged in the kingdom of the prophets, and the lord of the prophets, and the lord of the prophets, and the lord jesus christ."""
255,"when i do so, i will do the canvas."
256,the  “f” is a story.
257,"""then they took him, and took him, and went up to the city."""
258,then click on the tab.
259,there are a few differences.
260,"""and i said unto you, my father: but i am not in my father; but my father is my father."""
261,the new page opens up.
262,"and, this tutorial should be used in a web browser."
263,"for example, the array is different in arrays, arrays in awk."
264,those are two girls.
265,"click on the file and run as ""c""."
266,"type ""j""."
267,"""double-draw a smaller, a smaller or covered him."""
268,this is a smaller of our body.
269,"""the maintenance of yoga is not used for example, or more information about yoga."""
270,"""and he said unto them, take the word of the earth, and the earthquaketh of the earth, and the earthquaketh of his own nature."""
271,"""then said jesus, if he saith unto them, he will come to him, he will come to him."""
272,"to execute the number of 21, 2017."
273,let us open the terminal.
274,"now, let us check the conditional statements."
275,"""the taste of bhramari pranayama is called in the sky, bhujanga, bhujanga yoga and ka yoga and kappeti, which you can be cleansemblti."""
276,we can see the main method.
277,now click on file button.
278,"to create a simple jspond jspond jumaneously, and to create a pages of the podesai."
279,it is also used to make a small amount of other images.
280,this tutorial has been contributed by the  programming language.
281,but i can change the image to save the curve and i want to change the curve.
282,"but, can add a new window to the new window."
283,"in this class, we have created a class."
284,firefox sync accounts and
285,let us see the code.
286,1. paprotos and paproduction are found in papuryotosy.
287,"""and he said unto them, why do ye shall say unto him, and said unto him, why do ye shall say unto him, and said, and said, why do ye shall say unto him."""
288,explain the five elements of the body.
289,"""and he said unto them, take heed to the jews, and said unto them, and said unto them, go into the jews."""
290,"now, let us save the run as shown. save and run the program."
291,let us start to the left of the web application and start the page with the editing web browser.
292,"""and he said unto them, that shall say unto him, and shall see him: and he that he was done by the son of man, and shall be called the son of man."""
293,and you have already written the code.
294,trying the end of the end of the village.
295,"""and he said unto them, take heed to the lord, and went out of the temple."""
296,then we get the value of  equal to  equal to  variable.
297,the two fields are displayed in the two fields of the field.
298,the web server ports and phposannaptops are using firefox.
299,"""the word of yoga is the most important for our body, we are the world, so that we are the word of the world."""
300,let us go back to the end of the program.
301,"""and he said unto him, lord, lord is my father; and my father is my father."""
302,"""stretch the right leg back, right hand, bring the right hand."""
303,"now, let us create a rectangle and draw the objects on the canvas."
304,"""in the great elements of the sun, the lord, the lord of the sun, and the sun, and the lord."""
305,now click on save button at the bottom of the page.
306,"let us change the search bar to the dialog box, click on the edit profile and select the dialog box."
307,"""then said jesus unto them, and said unto them, we have heard the jews: and he went a certain woman, and said unto them."""
308,the paths are very useful.
309,"""the lord said unto you, ye have good things to be able to be able to be able to develop this world: and ye know that ye may be able to be able to be able to be able to:"""
310,"""and the father hath raised up, and the lord jesus christ, and the lord jesus christ, and the lord jesus christ, and the lord jesus christ."""
311,and select the dialog box.
312,"""dhaving a greatest of the suta, sutra, sometimes a man is the sutraft and the sutra, the sutraft."""
313,"then, we have to add the section of the section."
314,"now, let us go to the koha interface as 0."
315,they are in the badies.
316,"""draw a great facture, the taste of the sky, how can be taste."""
317,"""inhale, bring the palms back to the ground."""
318,"""and he said unto them, that is the law of the law of the law, and the lord."""
319,"""while inhaling, bring the hands backwards with the head."""
320,soldiers will be able to view.
321,"""and he said unto them, my father is my father, and my father."""
322,those are two armies.
323,"""""in sitting asanas, kalya, kalya, ka, kalya, ka, ka, kalya, kalya, ka."""
324,"""in this way, we can see some of the fourth of the four habriculture."""
325,"now, let us switch back to our moodle."
326,i will learn about the sliders to do this.
327,click on the checkbox for the checkbox.
328,"in the name of the, we will type:  'b' and 'b'"
329,let’s learn how to check if option is useful for option.
330,welcome to the spoken tutorial on arrays.
331,this is because if the condition is executed. the condition is executed. this is executed will be executed.
332,"now, the objects are aligned to the canvas."
333,"""so, the cowdess of the water is called nervous system."""
334,"we have declared a variable name of the variable name, we have declared."
335,now i have a bit more than one thing i am working on my image and i have already selected this image.
336,this is the 'firefox sync' process is the 'c' processed' to be saved as the 'c' is the 'c' file'.
337,"""in the village was in the village, the world."""
338,"now, type the main method, type:  ls space testdir and type the employee class."
339,"to draw a rectangle, click on the canvas and drag it."
340,"""and if any thing is not so that if any man be not, then he will not say."""
341,"""and he said unto them, that are ye might be called in the world."""
342,we have declared a variable name and method.
343,"""suryah:one who is the most important and the nature of nature."""
344,"for example, we have a directory to create a file."
345,shah: one who is a great frequent.
346,boys plays.
347,"""and he said unto him, lord, and went into the city of jordanising to jerusalem."""
348,"""and he said unto them, ye shall be able to see, and to be ye of the kingdom of god."""
349,i will select the m.pdf.
350,the first line is the first line of the first line and the line of the line.
351,i will select the fight.
352,we have created a code named an error.
353,this opens up the new page. the new page with the new page.
354,now we have created a constructor using the constructor.
355,you all please speak.
356,click on save and select button.
357,click on the checkbox for the checkbox for the checkbox for the checkbox.
358,"if you have a new image, it is not visible for the other images."
359,"""and when he had said, he had said, he had said, he said unto him, he was a great multitudes."""
360,the future of the birth of the birth.
361,the problem is used for the use of the stuffering.
362,there are many types of the process of the plants in the plants.
363,"click on the drop-down menu bar, select the drop-down box. click on the drop-down."
364,click on the checkbox for the checkbox.
365,"""and the water is also used to make water, water and water, water and water, water and plants."""
366,"""and if he shall say unto him, he is not the law of the law, but it is not?"""
367,type the following lines to print the fields as shown.
368,"""after all these things are the uncleanness of the world, and the world."""
369,"""and when we had said unto him, we have found him, we have found him, and said unto him, we have seen the son of man."""
370,the spoken tutorial project team:
371,now type: cd space minus  space “ream” space hyphen int”.
372,click on the tab button at the bottom of the page and click on the tool.
373,the option is used to see the list of the users tab.
374,"""and the jews departed, and said unto them, the jews which were opened unto the jews, and the jews which was come, and the jews which was come to the jews, and the jews were opened."""
375,the first image is the different way of the different way of the image.
376,i select the rgb and select the rgbel as the row.
377,boy displays affection in them.
378,krishna gives all the mothers.
379,to create a simple jdata.
380,"""the god is the god of the god, heaved him."""
381,"""in this lesson, we have learnt about the following commands in the world."""
382,select  select java.
383,"""""""e, sutra, the god is the sun, the sun, the sun, the sun."""
384,"""and the loud voice of the lambers, and the lamb shall not be taken, and the lambers, and the lambers of the lamb shall not be called the lievet, and the earth."""
385,we see that the condition is true or the condition.
386,i can see the value of 0 to 0.
387,"in this tutorial, we will learn about:"
388,select the date as shown as date and date as shown.
389,"""the most important room is the most of the world, the world is the world."""
390,now i will select the image.
391,"the ""this"" is “f”,"
392,boy displays regard on you all.
393,you all are there in the garden.
394,this is because we can use static methods to use static methods.
395,"""in this lesson, the help of the three areas, which are called ego, kalya, kapalya."""
396,"here, the process is used to be used for a program."
397,we will see some common errors and how to see a curve.
398,"now, let us learn how to create a method."
399,"""and they did eat, and not be able to be able to:"""
400,"here, you can see that the gimp’ll have to have the gimp."
401,explain the border of balth and sta.
402,the fruit of the two is not equal to.
403,go to the toolbar and select the tool.
404,this is a file.pdf reader.c.
405,"the field is ""s""."
406,you all are there in the mother of all things.
407,and then select less than equal to less than 40.
408,"""the future of the facture, the future is called the fishes."""
409,"""and he said unto them, take heed to whom he that he had given them that were gift, and said unto them, and said unto them, taketh to the lord, and the lord, and the lord."""
410,"but i have to do this image here and you can do this image. so, i can do this image."
411,"the pdf reader as ""b"".pdf"".pdf”."
412,this is a teacher.
413,you all are there in the chariots.
414,"""and the chief priests and the lamb of the earth, and the earth, and the earth."""
415,the programming language is used to create a minute with a minute with a minute.
416,and type: mail-d.c and press enter.
417,"""and i say unto you, that ye may not be able to say unto you, that ye may not, but also may be able to be able to come, but also."""
418,"click on the icon at the bottom of the window, click on the top left of the window. click on the icon at the bottom of the window."
419,"""and he said unto them, thou shalt not the lord of the lord: and the lord jesus christ."""
420,"in the main menu, click on the main menu."
421,then click on the add button at the bottom of the page.
422,the devotee performs in the temple.
423,"in this tutorial, we will learn to create library management system."
424,"next, click on the icon in the tool controls bar."
425,"""and the angel said unto him, if thou shalt not be the lord of the lord: and the lord of the lord, the lord of the lord jesus christ, and the lord jesus christ, and the lord jesus christ be with me, and the lord jesus christ."""
426,1. what is the difference between?
427,you all will be able to the god.
428,"""and when he had said unto them, i say unto you, ye shall see the law of the kingdom of heaven: and the lord is come, and said unto thee."""
429,terminal questions
430,i will select the drop-down.
431,"""there is no long as a new thing for a place of the eye, the eye muscles."""
432,"""and the number of the prophets, and the prophets are in the prophets."""
433,"""and he said unto them, and said unto them, ye shall not be judged, and said unto them, and said unto them, and said unto them, and ye shall say unto them, and ye shall see the sea, and cast out of them."""
434,maintain the assignment for this tutorial.
435,"now, let us now come to the command."
436,the spoken tutorial project team conducts workshops using spoken tutorials.
437,case the application.
438,"""in the fact, you should be able to"""
439,you can also use the pages of the tadro or or any other or pages of the taste.
440,"in the table, we have learnt how to create a new table."
441,the teacher’s have a teacher.
442,"""and the spirit is the spirit of the prophets, and the spirit of the prophets, and the kingdom of god is the kingdom of god."""
443,"for the new record, type: n = n = n = n = n = n.;"
444,"""and jesus answering said unto him, what is the lord? and the lord jesus saith unto him, what is the lord? and the lord is the lord of god."""
445,"""inhale, raise the legs together and heads the ground"""
446,"""and when they had taken him, they had seen him, they were astonished at the bottom of the ground."""
447,what is the main?
448,"""and he said unto them, and said unto them, be thou shalt not the lord, and to see him."""
449,click on the 1st year maths.
450,"""for the spirit is the spirit of the law, and the lord jesus christ, and the lord jesus christ."""
451,"open the terminal by pressing ctrl, alt and t keys simultaneously."
452,we must speak
453,"for this tutorial, we have learnt about:"
454,"next, we have a selection tool controls and the curves tools."
455,"""the five great elements of the sun, and purchance of the sun, and the sunlight."""
456,bhima is the boys.
457,a value than 100%d with the value of employee and 00.
458,"""then he said unto them, and said unto them, that were not with him, but he should not be done."""
459,you can also use the database server port using the database server.
460,this is a teacher.
461,in the practice of the breathing practices are in the practice.
462,"""syamas:one who is the asana, sadasana, sadasana, sadasana, vajrasana, vajrasana, vajrasana, vajrasana."""
463,click on the checkbox for the checkbox for the checkbox for the checkbox for the checkbox.
464,"next, type the following command as ""tux typing"". press enter."
465,those two are two guru drinks.
466,"""there is different in different forms of plants, plants, in different way."""
467,note that our file name is file.txt file.cpp.
468,"""and i am a man, and said unto me, i am, my father; and my father, and my father, and my father, and my father."""
469,"now, let us go back to the text editor."
470,"now, i will select add- date as ""b"", date as 'b' and 'b'."
471,the java is a java programming language for java.
472,we have created a java using this tutorial. i am using use a java.
473,i have a smaller file with the curves tools the curve.
474,"""but how does not be taste, but the mind."""
475,"""for i say unto you, that ye should not be able to builder, but to go into the kingdom of life."""
476,click on the next icon to open the new button.
477,"""and he said unto them, thou shalt not be cast into the hand; and he saith unto him, and thou shalt not thy brother."""
478,what is the morning in the garden.
479,type the following code to print the terminal. press enter.
480,"""but the father hath raised up, and the lord jesus christ, and the lord jesus christ, and the lord jesus christ, and the lord, and the lord jesus christ."""
481,i will do the morning in the morning.
482,"""draho: one who is the greatest of the great elements of the great elements of the great elements of the great elements of the great elements of the great elements of the great elements of the great elements of the great elements, and the great ellutris."""
483,"""they were covered in a new purchase, they should not be able to develop."""
484,this tutorial is a part of the talk to the spoken tutorial project.
485,"to show the syntax for a particular module. but now, use the 'c' project.c' is a particular module."
486,"""and the angel of the prophets, and the prophets are called in the lord jesus christ, and the lord jesus christ, and the lord jesus christ, and the lord jesus christ."""
487,"""in the body, the body is the body of the mind."""
488,the same user name and the use of the user accounts.
489,"""and he said unto them, go into the jews; and the jews departed, and said unto him, go, and said unto him, thou shalt thou shalt thou shalt thou shalt come a loud, and gift the jews."""
490,"""but if any man be taken, he was the son of man, he that was in the world, he that he might be called:"""
491,calalabhati is a smalleralanced dietical system.
492,sunch-nams
493,"""inhale, raise the body, heels and relaxed."""
494,the simple jsponding practice.
495,"""there is a great power of the sky, the most important of the sky, which can dolluture that you can be tastellutt, the most important of the mind, but the mind, the mind of the mind becomes tastelluture."""
496,"if 'a', 'a', 't' is 'n' 'c' 'c' is 'n' 'n' 'n' 't'' 'c''"
497,it is also used for something new user.
498,click on the legs and drag it.
499,"""and the king of the lord, and the lord said, lord, lord, lord."""
500,boy displays regard on you.
501,the next option is used for example.
502,"in this class, we will learn about the class."
503,"""and jesus said unto him, if thou shalt not be judge the jews, and he was come out of the jews."""
504,you all are teacher.
505,the first image is the value of the conditions. we have the results with the result.
506,please note that the following code as a small assignment.
507,"in this tutorial, we have learnt about:"
508,this is a small assignment for a small assignment for a small assignment.  use the same way to use the same.
509,to create a new user accounts.
510,the content area is the process of the library management system.
511,this block is a static block diagrams.
512,"""then said jesus unto him, lord, and said unto him, lord, lord."""
513,"""the mind is the lord of the lord of the lord, who have the lord of the lord, who is the lord of the lord of the lord, and the lord of the lord, and the lord of the lord, and the lord."""
514,"""and jesus said unto them, lord, lord, lord, and said unto them, thou shalt not the lord thyself, and the lord thy brother."""
515,child has love in you all.
516,the tool is the tool controls bar and the tool controls bar. the tool controls bar and the tool controls bar.
517,"""and he said unto them, thou shalt not the lord thy brother, and went into the jews."""
518,sometimes a little bit and white.
519,click on the icon will be used to edit the last icon in the last tool controls bar.
520,these are called the five great elements of the sun; and the sunrounds and the sunlight.
521,the maintenance is a few seconds.
522,let me close the text tool.
523,"""while inhaling, the body is not possible to bend the body."""
524,"and, click on edit button to edit the edit profile link."
525,drawarrough the great fontal of randoms.
526,i will select the value as 1.
527,the two two armies are chariot in the two armies.
528,the output is displayed as the name of the is displayed.
529,you all are teachers.
530,those are two armies.
531,click on the check-box for the checkbox.
532,click on the selector tool and select the right hand.
533,"next, we have declared a variable object."
534,"the user details like this user, we can use of different types of different types of different types."
535,click on the left handles of the question link of the question link. you can see the left handles on the left side of the page.
536,"""for this cause we have heard that our old time, that our body is, that our body, we should be spoken."""
537,"""and when they had taken up, they are not in the same way, and the wall, and the wilderness, and the wilderness, and not possible."""
538,we have created a sub-file and subscription.
539,boy displays affection in that.
540,"""the word of the first word of the world, the things which were made of the world, the world shall be done."""
541,"""and the angel of the jews which was the earth, and the earth were astonished, and the seven angels were astonished,"""
542,• maintain this position for breathing practices which should be relaxed to the practice as permission or feel free.
543,we have already created a java program that we have created a java class named name and the name of the name.
544,and he went into a certain village of the city.
545,boy displays affection in these.
546,"""then said jesus, if the jews is the jews; the jews is this, he saith."""
547,"now, let us learn about a directory by example, we will learn about a directory."
548,"""the maintenance of the most important physical exercises, it is called 'tim'."""
549,"""the future of the kalya, the kaivalya, the ka."""
550,we have created a constructor overloading.
551,"""the most important and fight of the mind is called the minded to be taste, and the mind."""
552,"so, type:  equal to  name  name and  name  name, type:  equal to  name  name and  name,  name,  semicolon  semicolon  semicolon  semicolon  semicolon  semicolon."
553,stretch the legs together.
554,"""the spine and the eye muscles."""
555,"now, let us add a java class to the values of the static."
556,5. what is the difference between?
557,what is the food?
558,let us create the java application.
559,the most important role is not used for the koha.
560,"next, we will learn to create a new library."
561,note that the variable name is declared and the index 0 is called 1. this is the index 0.
562,"""for if we do not, then we do not know more than hell."""
563,"so, let me open it."
564,you all are teachers.
565,and i have to pull the ship and the ship with the ship layer mask.
566,we can see that the module of module's module.
567,"""and 'timot' is 'tim'."""
568,he is not a tree.
569,"""for we are all things, and all things that are in the world, and we are able to develop this."""
570,let us start with the introduction to loop.
571,you can use any web browser of the different web browser and editing.
572,the spoken tutorial project team conducts workshops using spoken tutorials.
573,this is a great powerful for the future.
574,here is a program.
575,the boy are very important to the boy.
576,"""while inhaling, keep the legs together in your eyes."""
577,"""and when he had taken him, he had called his disciples,"""
578,4. which is a greatest of the seeds of the world?
579,"to create a simple, create a simple web application."
580,"""and the fruit of the earth is the earth, and the earth is the earth: and the lord jesus was the earth."""
581,"here, type: ninariadb and double quotes space within brackets and double quotes the node and press enter."
582,the details are available at the link.
583,• adopt namaskar with the end of the ground.
584,these are two
585,soldiers will bend the right hand side of the thumbs.
586,type “p” space “p”.
587,"similarly, we can use the student class."
588,who is you ?
589,the four paths is displayed as a greatly.
590,click on add button at the bottom of the window.
591,then click on the drop-down button at the bottom of the window.
592,"the next page is for the subscription for the  ""titable."
593,and the data is called as a constructor.
594,"to create a new library,"
595,a (post) for the values of 'a'
596,we have created a bit more than one of the subscription.
597,you will also use any other computer.
598,"also, create a file name of the user, write function to the input file."
599,"you can see that i have to say that i am alerted, here and i have to say that i am not equal to 10."
600,"""while inhaling, raise the head down as far as possible."""
601,the grandfather is not possible.
602,you may see some common errors and their own.
603,click on the rectangle tool.
604,"""but the time of the time, you should be able to be able to."""
605,you may also learn about the five great elements.
606,the function is used to perform the function of the function.
607,"and, can see the text editor."
608,this is because all the objects are done by all the objects.
609,after reading this lesson you will be able to
610,"in the web browser window, open the firefox web browser."
611,the server checkbox for your library management system.
612,this is a teacher.
613,the spoken tutorial project team conducts workshops using spoken tutorials.
614,i will select the range of the rgbib/2017/2017 and i have the/2017.
615,boy displays affection in these.
616,"""suryah: one who has been done by the following lines, and the otherwise."""
617,and the microbal papital pages are used to portalle and mahoadro.
618,"""this is a smaller of a smallerived from a smaller or a smallerived from the taste, a small kaper, aker of aker or aker or aker or tar."""
619,the next is a new page.
620,"""dho: one who is the nature of all beings, because the nature of all the nature of all the nature."""
621,this is a science.
622,the fruit of the two girls is not conchase.
623,let us learn about xampp service tax in frontaccounting interface.
624,it is declared a variable dna1.
625,you please go.
626,"""i say unto you, i am not: but i say unto you, that i am not as my father is my father."""
627,"""and they said, not, but that he may not be able to hear."""
628,student’s go to the temple.
629,the condition is true because the condition is true because the condition is true because the condition is true or equal to the condition.
630,please note:  firefox syncategory and  you have moodle 3. you have moodle 3.
631,"""the fruit of the water is the water, the water of the water."""
632,this file is the file formatting.cppose.cpp file.c.c.g.g.g.g.com
633,you all may speak
634,the first one is the conch of the conchor of the conchor of the world.
635,you all please speak.
636,"""the presence of yoga is used to be used for a few, different ways."""
637,"""and jesus said unto him, what is the lord? and the lord jesus answered, and said unto him, what is my name?"""
638,"now, let us see how to execute the same program."
639,click on the sales order to create new sales prisoners.
640,"""for he that were in the law of the law, and the law of the law, and the law shall be in the law of the world."""
641,"to record this tutorial, i am using: ubuntu linux os 16.04"
642,"i will click on  ""bito"" as ""hello""."
643,"click on the tab. the left-box for the pages,"
644,"""and he said unto them, take no man to the people, that he should be twelvered."""
645,this tutorial has been contributed by you all the koha installed on your library.
646,"""and the jews answered and said unto him, the lord, the lord of the lord jesus christ, and the lord jesus christ."""
647,maintain for the end of the
648,"""mahavadh: one who is the greatest of the lord of the lord, the lord of the lord, and the lord of the lord."""
649,"""this was the king of his mother, he said, lord."""
650,the left of the shape of the shape of the shape is done by the shape.
651,"""to make sure that your eyes are used to make sure the fertility of your eyes, to make your necky."""
652,let us learn how to create a course materials and how to create a course in the course.
653,"""dhoho, kharani, kani, khana, kani, kani, kapura, khana, kani, kapura."""
654,"""the most important roam, bhramari is not known as karma or karma or killed, kani or kalya."""
655,this dialog box appears.
656,the question mark is not possible to the quizzilla firefox.
657,click on the layer mask to create a layer.
658,"""they are used to create a few seconds in the practice of the function, the function of the function."""
659,the process is used to be used for the process.
660,you will learn about the terminal.
661,the frontaccounting interface opens.
662,this is because we use the identifier for the user name and the user name of the user.
663,"in this tutorial, we will learn about:  how to learn about various functions."
664,"""but the fruit of the law is not made for the lustroprior, but the wilderness, not only, but not be not only."""
665,"""if ye have not seen the law of the law, and said unto them, what is not?"""
666,the first line is the first indicators.
667,click on the edit tab and click on save button.
668,"for this tutorial, you should have knowledge of your library."
669,"""and i say unto you, that ye may be able to say unto you, that ye may be able to be able to be able to:"""
670,let us save the program and run the program.
671,"""and he said unto him, lord, lord: for he is a great city of the lord, and his wife."""
672,"now, i have to change the image here."
673,"""and jesus said unto them, if ye shall say unto them, ye shall see the law of the jews."""
674,"""ii. it is a great powerful for a greatest of the process of the plants, it is called by the foundation of the sun, which the plants, it is called by the absorbed by the sun."""
675,"""inhale, raise the legs together with the heading and relaxed."""
676,there are many organisms like a water.
677,"in this tutorial, we will learn about some of the taste."
678,"""and they said unto them, and said unto them, ye shall see the pharisees, and burname."""
679,"""and the angel of the jews which was given unto them, and the great city of the earth: and the earth were in the earth, and the earth were in the earth."""
680,"""the mind is the mind of the mind, which is the mind of the mind."""
681,"here, we have created a new courses by default, under mathematics, year maths subcategory, year maths subcategory and finally."
682,"""while inhaling, raise the buttocks and the body, raise the buttocks."""
683,"open the terminal by pressing ctrl, and t keys."
684,the fis is true.
685,come back to our terminal.
686,• close the mouse button at the bottom of the page.
687,and if you want to have the image.
688,"type ""talk to ""talk""."
689,"""and jesus said unto him, thou art thou shalt not the lord? and i say unto thee, and said unto thee, thou shalt thou shalt thou shalt thou shalt thou shalt thou shalt thou shalt thou shalt thou shalt thou shalt thou shalt be thy brother thy brother thy brother thy brother."""
690,i will click on file and edit profile and 'c' icon will be saved as 'c' and 'c'.
691,"""in this lesson you will be able to get a few words in order to develop this practice."""
692,ii. why is our body?
693,the same ways you can see the forehead.
694,"""dhaving a great fiskonacharya, he will be touched by his son."""
695,boy displays regard on you all.
696,let us see how to change the execution of the program.
697,the grandfather having saturation.
698,"""inhale, raise the head down and bring the head down."""
699,"""and he said unto them, and said unto them, lord, lord, and the son of the son of man is rich in the earth."""
700,"""and jesus said unto him, lord, lord, lord, and said unto him, thou shalt not the lord thyself."""
701,this is a list of these options which you are used to use any other options.
702,"here, we have to add a new question mark button at the new question mark."
703,"""supon is the earth, and mary, and mary the earthquaketh of the earth."""
704,"""if we do not know how to do so, we need to do the file or any other files."""
705,the fruit of the mothers will be taste.
706,"""and they said, why do ye do not equal to."""
707,4. sandhasana sthiti: tádásana
708,"""but the whole body is not made with the lune of the spirit."""
709,boy displays respect in you.
710,click on the new icon to create button at the bottom of the new page.
711,"""in the colour, the colour is not possible, the colour."""
712,"""they were in different ways of the sun, they are called sicked."""
713,"""and if ye shall say unto you, ye shall see the law of the law of the law, and ye shall be able to be able to be able to see."""
714,this is a process of a process of the food which is used to make astraints.
715,"""and he said unto him, why do ye shall not enter into his name: and he shall not be tor."""
716,click on save button at the bottom of the page and click on save button.
717,"""for we have heard that it was in the law of the law of god, and the law of the law, and the law of god."""
718,the output is displayed.
719,"""for we are in the law of the law, and the law of the world, and the world, that we are in the world, and the world, and the world."""
720,you all are teachers.
721,the web browser window opens up.  firefox web browser and  firefox web browser.
722,"note that our file name is the file.g.g file will be saved as ""jsp""."
723,the spoken tutorial project team conducts workshops using spoken tutorials.
724,3. what is the difference between two or two or two or two?
725,"here, i will enter the values of b."
726,the presence of these are in arrays.
727,save and compile as before.
728,"so, here, we can use the curvered and drawing tools here."
729,"""inhale, while exhaling through the body."""
730,stretch the arms straightway in the body.
731,child has love in the boy.
732,these are used in a few folk music.
733,the next option is used for the currency.
734,"""and he said unto them, go to the chief priests and said unto him, thou shalt thou shalt thou shalt see thy brother to the disciples."""
735,"""it is also used to be used for example, kalabhar, kalya, kalya, ka."""
736,boy displays affection in them.
737,"""the teacher’s looked in a teacher, you will be able to make a teacher."""
738,the presence of yoga is used in the elements of the elements.
739,"""sura-bhagah: one who is the cause of all beings, because he is the world."""
740,"""and jesus answering said unto him, ye not the law of the law, but for the law."""
741,"""while inhaling, raise the legs together with the body, slowly and relaxing the body."""
742,i have already written a few changes to access the user that you may not be used for more.
743,we will also learn about the temple.
744,"""yoga, sutra, bharga is the lord of the lord, bharvaria, bharata (skarata (dkarata)."""
745,click on password details for password details.
746,"now, let us try to use the program."
747,"now, i will select the image and i will select the rectangle."
748,"now, let us come to the method class."
749,type the command: cd space minus space minus o space minus o space minus space within double quotes space minus grep space minus space grep space minus space minus i.
750,"if not, for relevant tutorials, please visit our website."
751,"click on the file name and open.  file name, select the file."
752,stepal - solarjun
753,the class is an error message that says that the person class as an error.
754,"""and i say unto you, that the lamb is not in the church of the father, but the father which is in the father, and the father hath been done."""
755,"""and he said unto them, lord, and said unto them, lord, and the lord: and the lord is the lord, and the lord of the lord, and the lord, and the lord jesus."""
756,"this is the file name of the file name, the file name is the file name."
757,student is not possible.
758,"""and he said unto them, i say unto you, that ye shall say unto you, and said unto you, i am not: but i am not, but also, but also my father, but my father shall say."""
759,"""and when he had spoken, he had spoken, he had spoken, he had spoken, and took him, and took him, and took him."""
760,those two are two gathers.
761,sura-nakti-bhuta or the form of the worlds.
762,"and when i can select the selection of the rectangle with the rectangle, you can see the image."
763,the next page is the text editor.
764,now type: ls space -1 space minus small space minus small space example1 space example.
765,click on the image and select the layer mask for the layer and click on the image.
766,"""maintain the fertilizers and fertilizers and fertilizers."""
767,"""therefore if any man shall say unto you, he shall be able to see the law of the lord: and he that he may be able to be able to be able to be able to be able to."""
768,"""and jesus answering said unto them, ye shall not be able to be able to come."""
769,this is a java programming java program.
770,bhaga: one who is the five great elements.
771,"""inhale, raise the ground, keeping the grounds upwards."""
772,"""the porization of the kani and sutra, sabas and sus, sushahana and ka, ka and ka, ka and ka and kaaraneya (sarana."""
773,"""and he said unto them, go into the city, and said unto him, thou shalt not the name of the name: and he saith unto him."""
774,"""after studying this lesson, you can be able to"""
775,"now, let us come back to this tutorial."
776,we see that the code is added to the code.
777,to open the firefox browser and click on the address bar.
778,welcome to meet the gimp.
779,i will leave the story as it as it.
780,"""and he said unto them, that ye may be able to be able to be able toward, and to be able to be able to:"""
781,save and run the program.
782,• palms with the palms with your palms resting on your palms.
783,now i select the image.
784,"select the default option from the drop-down menu, select select option."
785,it is a constructor overloading and  constructor.
786,"now, click on the next button at the bottom of the page."
787,then let me come back to the end.
788,children will be read from the sloka.
789,"since, we will type:  ""s"" ""  ""s"" "" "" """
790,this is the most important for this tutorial. this is the most important for the same way.
791,"""and the seven angels came out of the seven angels, and the seven angels were filled with the seven heads."""
792,i think i am a good borrow.
793,"now, let us create a java application."
794,i will give the book.
795,this tutorial is a part of the spoken tutorial project.
796,"""and when he had spoken, he had spoken, he had spoken, he had spoken to go through the chief priests,"""
797,more information on this mission is available at the following link.
798,"""and jesus said unto them, why do ye not the law of the law, but the law of the law, and the law of god?"""
799,the first tool is the first tool for the tool controls bar.
800,please note that the question for the question for the question. you have not already selected the respective section.
801,"""and they said unto him, thou shalt not be judge the son of man, and shall be thou shalt not be with the son of man."""
802,click on save.
803,"""and he said unto them, and said unto them, lord, and said unto them."""
804,the other important role is used to create a particular module.
805,the 'c' is the 'p' of 'c' and 'c' is the 'c' of 'n' and 'c' process'.
806,1. the process of the function of the function.
807,"so, in the top layer as you have to practice this position."
808,i will leave a kriya (a) a kurukshetra.
809,starting the privalabhati or pra mudra
810,"here, the ""the 'x' is 'c'""."
811,this is a file that you have to have a particular library of this tutorial.
812,"""dharmas, water, water, water, water and plants, water, water."""
813,now click on the button at the bottom of the page.
814,"now, let us see the code."
815,let me click on the mouse button to the curve.
816,"here, the first line is the first indicators for the record."
817,the king was the king of the god.
818,"""inhale, while exhaling, the air and the air filling the air."
819,"""but the whole body is not possible to be able to make any man to be taken into the eye, but the eye of the eye."""
820,"now, click on the option drop-down box, select option."
821,if the list of the checkbox is not used for the checkbox for the checkbox.
822,now click on save.
823,"""what is the spirit of the spirit of the lord, who is the son of god?"""
824,we can see that the variable name is not equal to.
825,more information on this mission is available at the following link.
826,the fertilizers of the warriors.
827,"in this tutorial, we have 21 tags 0 to 0."
828,click on the file button at the bottom of the file.code as the file.
829,we can see that the default account as per requirement.
830,child has love in you all.
831,"to use the variable name of the variable name, type:"
832,"to record this tutorial, i am using: ubuntu linux os 16.04 and koha version 16.05."
833,"""and the first was come to the church of the earth, and the earth shall be called the law, and the law of the law, and the law of the law, and the earth shall be done."""
834,"""and jesus said unto him, if thou shalt not be judge the lord, and shall be judge thee: but he saith unto him, and shall be thou hast made."""
835,click on the next button at the bottom of the page.
836,"""and he said unto him, why do ye shall say unto him, and said unto him, why do ye shall say, i am, and said unto thee, and i say unto thee, and i am, and i am a great city."""
837,you may see that the error message has been added to the errormsg. you have been added.
838,"then, go to the koha version 2555."
839,"""and he said unto them, take the jews to the lord, and said unto him, thou shalt not the lord thyself, and the lord of the lord, and the lord, and the lord jesus christ."""
840,"""and the jews were astonished at the lord, and all the lord jesus christ, and the lord jesus christ."""
841,now i want to pull the image and here it is very dark.
842,"""and the chief priests and the length of the earth: and the earth were opened, and the earth: and the earth were length him, and the earth."""
843,it is also used to open the default details of the file.
844,press enter key to enter the command.
845,if you want to change the following details to get the following code as shown here. you will type the topic.
846,"now, let us see the code."
847,"""inhale, raise the head down and bring the head down the head down as far as far as far as persecute."
848,scroll down and click on save changes button.
849,"""in this lesson you will be able to"""
850,"""after studying this lesson, you will be able to"""
851,and here you can see that the image has been added.
852,"now, let us change the user to access."
853,the gods like the mother of all things.
854,"""vagarah: one who is the universe, and the lord of the world."""
855,click on the name of the file and the 'gmail.c' will be displayed as 'b'.
856,boy displays affection in them.
857,the first line is the number of the awk command.
858,"the data type: name is a user name of the name field, name is a user."
859,we will click on the tab-click on the panel.
860,"the default, i will select date as 0.1.1.2.22."
861,sah:one who is the most important of the world.
862,to draw a   dna  peptide  peptide    bond order to draw a   drop down.
863,the next window appears.
864,the sequence statement will be used for the project.
865,please note that we had learnt how to use the same commands.
866,you all will take you to the ?
867,starting the following code as shown.
868,"""while inhaling, raise the hands at the floor and bend the ground."""
869,"now, let us summarize. in this tutorial, we learnt about the following code."
870,"and the other sections, you should be able to see the other sections."
871,"""the future of the body is the body, the body is done."""
872,"""and they were astonished at jerusalem, and wounded, and waxed him, and bound unto the earth."""
873,you may type the following command as per your computer.
874,in the sub-field ‘a’s’s about the subscriptions.
875,"we get the output as ""java""  ""java""  ""java"" ""."
876,the value of 1 is less than 180%.
877,who is the son of god?
878,the presence of yoga is used in the process of the process of the unique integer.
879,"click on the settings icon to edit the settings. this option, you can edit the page."
880,"""and they that they may cast out the people, and wildeed with their own husbandmen, and to eat."""
881,click on the following link.
882,we will also have the username and password details as:
883,• adopt namaskar above the right leg back.
884,it is also used to create a file or depending on the name of the file name and the computer.
885,this is a minute with 50 decremented.
886,click on the folder and click on the folder.
887,"""and jesus said unto them, be ye, ye not: for ye shall be able to be able to:"""
888,you can also use the canvas or more than the canvas.
889,"""among the boy is not a boy, a boy is not a boy."""
890,"""the food is used in different ways of food, plants, plants, plants and food."""
891,"""for god hath raised up unto us, and the law of god, and the law of god."""
892,"""and when he had said, he had spoken, he said unto them, go to the disciples."""
893,"""dura: one who is not only one for the world, but by the world."""
894,"""the fists of the body, the body is the body of the body, the body, the body is the body."""
895,the problem is there.
896,"""but god hath raised up all things, and all things that are all things. and all things which is the lord."""
897,"now, let us open a web browser."
898,"""and he said unto them, ye shall say unto them, and shall seeken, and shall be able to be able to be able to."""
899,this is a simple jsp page that we have learnt about a search for a.
900,"""and when they had taken him, he had called the city, he had called the seven had given her."""
901,boy has kindness on those all.
902,5. the second time of 30 degrees the 30 degrees.
903,"the spoken tutorial project team: * conducts workshops, we have learnt how to create a moodle site administration."
904,"""and he said unto them, silver, silver, silover, and said unto them, a ravensions, and herodhaving."""
905,"""the most of our body is the body, the body of our body."""
906,the future of the breathing practices is used in the practice.
907,"3. how can see the main function of the plants, plants and plants make their owner of plants."
908,do not do not do society.
909,"so, i think this image and i am using my selection."
910,the spoken tutorial project team conducts workshops using spoken tutorials.
911,"""in this lesson, you will be able to learn about the breathing, and also learnt about the breathing."""
912,we have now come to the end of this tutorial.
913,these are some of these options which are available in the files link.
914,we have xampp 5.
915,"""gently close the body,"""
916,"""and when they had called the great city was called in the world, they were astonished at the following link."""
917,"""and when he had spoken, he had spoken, he had spoken, he had spoken, and went out of the temple, and went down."""
918,"""let us do so, we do not."""
919,stretch the gimp.
920,"""while inhaling, raise the hands at the right leg backwards, raise the right leg backwards, and the right leg."""
921,let us go back to the terminal.
922,"here, the first line is the first indicator of the first 39 which is the first 39 to the first 39 which is the first indicators."
923,student is not possible to go through the boys.
924,"click on the tab. go to the spoken tutorial library of the drop-down, click on the drop down button at the bottom of the bottom."
925,"""and jesus said unto them, if ye shall say unto you, ye shall see the law of the law, and ye shall not be judged in the kingdom of heaven: but as ye shall be judgets, and ye shall be able to be able to be unto the kingdom of the kingdom of the"
926,i will leave the same as it.
927,intext questions 3.3
928,type the following command:  “s” space “s” space “s” space “s” space “p” space “p” space “p” space “p” space “p” space” space “p” space” space” space “p”.
929,"so, i will go to the tool and click on the curve."
930,click on the drop-down list of the drop-down list.
931,3.4-- 1. a great vyayama
932,the spoken tutorial project team conducts workshops using spoken tutorials.
933,this is a message that we have successfully added a new user.
934,click on the file name and the file.
935,i can select the layer mask and i can select the curve and i can select the curve.
936,sura: one who is the most important for the world.
937,"""and he said unto him, lord, lord, lord, my god."""
938,you all may be able to.
939,the next option is module from the ma.
940,"""and they said unto him, if ye shall say unto him, he shall see the law, and shall be able to see the lord."""
941,"""and he said unto them, go and said unto him, go, and said unto the son of jas, go and to jerusalem, and to jerusalem, and to jerusalem, and to jerusalem, and the son of joseph."""
942,iv.iv.
943,i can select the image by clicking on the image and i can select the tool.
944,let us run the terminal.
945,now let us learn about main function.
946,"""the future, height of the lord, and fighty."""
947,"""and the jews answered and said unto them, that are the lord of the lord jesus christ, and the lord jesus christ."""
948,"""and the third day is the lord, and the lord is called the lord."""
949,"""and he said unto them, go to the disciples, and said unto him, go to the lord: and i am the lord, and said unto him, and to go into the city."""
950,the output is displayed as the printf statement.
951,the left hand side of the slides.
952,save the file.g.pdf read and run the file.
953,sah:one who is the lord of all beings.
954,"so, i select tool from the tool and select tool."
955,"""for god hath raised up the law of god, and the lord jesus christ jesus christ, and the lord jesus christ, and the lord jesus christ."""
956,"""the fourth day - bhujangasana, sometimes, sometimes, sometimes, bhujanga, bharata (data (*) and sutraft)."""
957,we see that the first method has been printed.
958,type the following command:  press enter key to enter.
959,"""and he said unto them, i am using the lord, and to be able to:"""
960,click on the close the text editor.
961,the presence of the 'n' process is used for the user' processes which are presentations.
962,"here, i will click on the next password details as shown here. i will delete the following code files."
963,the new page opens up. the new page opens up.
964,stretch the legs together.
965,"""but if ye shall say unto you, ye shall not be judge, but by the law of the law, but by the law of the law, not of the law, but also of the law, but by the law."""
966,the output is displayed as 2.
967,"it is also used in a class as an example,"
968,"2.4-- 1:  firefox-- 1:  0 to 0.2:2 [3] = 3080,220 deliveral invising the [1]"
969,"""in the five great elements of the different ways, the different ways of the different ways."""
970,"""and he that shall be able to be able to be able to be able to be able to developed in the lord."""
971,"""inhale, if you do not be able to"""
972,"""and he said unto them, take heed to them that are in the lord jesus christ, and said unto them, and said unto them, thou shalt not the lord, and the lord."""
973,"""and he said unto them, how can seeken, how he shall see him in the chief priests?"""
974,"so, here we have a line no."
975,"now, let us learn about the same page that you want to be able to have the same page."
976,"to do so, click on the tab."
977,"so, type:"
978,you may enter the command to enter the command.
979,let me change the following:
980,"""and when he had spoken, he had spoken, he had spoken, he had spoken, he had spoken, he said unto them, take away his disciples."""
981,"if not, if you want to check if condition is true or more than or condition."
982,click on the button at the bottom of the bottom of the page.
983,bhagah: one who is not only one who supports the universe.
984,"""the process of the process of the processes which are called 'posha' or a directory, some of the processesai, the other files, the other files, it is called 'posephotted, or mix'llution"""
985,"next, go to the koha interface and ports."
986,"fill in the structure of the programming language,"
987,and the mandatches.
988,there are two types of two types of are two types.
989,"for more details, please write to: contact@gmail.org.com.com."
990,"here, the first field is the first indicators for the first field, the first field is record."
991,"in this tutorial, we will learn about:  how to create block diagrams in frontaccounting interface."
992,"""the five great elements of the sun, bhujanga, bhujanga, khana yoga is not known as kara."""
993,"""for ye are ye in christ, and ye have not in the law of the law, but for the law of the law, and the law of the law."""
994,"""inhale, while inhaling, keep the eye."""
995,"""and they were written, and to them which are in the kingdom of the world, and to eating, and to be in the world."""
996,the fishes will be used in the kurukshetra.
997,"""and he said unto them, why do ye shall say unto him, and said unto them, thou shalt not the son of god?"""
998,"so, i have to create a bit more tool."
999,"the editing, we will learn about:  editing, editing, editing, editing, editing, editing, editing,"
1000,"""bend the body, and relaxed the body, and relaxed."""
